Genome	orange_2.mags.sorted Relative Abundance (%)	orange_2.mags.sorted Trimmed Mean	orange_2.mags.sorted Covered Fraction
unmapped	97.11274	NA	NA
MASTER_WP4_TEAGASC_1__TGS06-22__bin_15_PROK.fna	0	0	0
ChaconVargasK_2020__SRS6087094__bin_8_EUK.fna	0	0	0
DeFilippisF_xxxx__DF_123__bin_1_PROK.fna	0	0	0
DeFilippisF_xxxx__DF_75__bin_11_PROK.fna	0	0	0
MASTER_WP4_TEAGASC_1__TGS08-29__bin_26_PROK.fna	0	0	0
DeFilippisF_xxxx__DS_90__bin_4_PROK.fna	0	0	0
WalshL_xxxx__U2__bin_1_PROK.fna	0	0	0
DeFilippisF_xxxx__DF_121__bin_6_PROK.fna	0	0	0
SulaimanJ_2014__SRS398267__bin_6_EUK.fna	0	0	0
MASTER_WP4_FFoQSI_1__VB-05-BG__bin_13_PROK.fna	0	0	0
MASTER_WP4_CSIC_1__P2137_73322__bin_16_PROK.fna	0	0	0
DeFilippisF_xxxx__DS_55__bin_2_PROK.fna	0	0	0
LeechJ_2020__ERS3967722__bin_12_PROK.fna	0	0	0
AlvarezOrdonezA_xxxx__Q01-29__bin_6_PROK.fna	0	0	0
LeechJ_2020__ERS3967734__bin_8_PROK.fna	0	0	0
LeechJ_xxxx__AF17__bin_1_EUK.fna	0	0	0
MASTER_WP4_TEAGASC_1__TGS12-29__bin_35_PROK.fna	0	0	0
MASTER_WP4_FFoQSI_3__VB14-22__bin_41_PROK.fna	0	0	0
MASTER_WP4_UNINA_1__MV011_71775__bin_1_PROK.fna	0	0	0
MASTER_WP4_UNINA_2__J-16__bin_24_PROK.fna	0	0	0
MASTER_WP4_UNINA_2__M-20__bin_12_PROK.fna	0	0	0
LeechJ_2020__ERS3967722__bin_6_PROK.fna	0	0	0
MASTER_WP4_FFoQSI_1__VB-16-AG__bin_14_PROK.fna	0	0	0
LandisEA_2021__SRS5652990__bin_5_PROK.fna	0	0	0
AlvarezOrdonezA_xxxx__Q07-22__bin_14_PROK.fna	0	0	0
MASTER_WP4_FFoQSI_1__VB-16-M15__bin_31_PROK.fna	0	0	0
ArikanM_2020__ERS1939655__bin_2_PROK.fna	0	0	0
DeFilippisF_xxxx__DF_18__bin_7_PROK.fna	0	0	0
LeechJ_xxxx__AF41__bin_3_PROK.fna	0	0	0
LiZ_2018__SRS2920550__bin_28_PROK.fna	0	0	0
MASTER_WP4_UNINA_1__FO007_71775__bin_37_PROK.fna	0	0	0
MASTER_WP4_UNINA_1__FO011_71775__bin_8_PROK.fna	0	0	0
MASTER_WP4_FFoQSI_1__VB-15-M10__bin_23_PROK.fna	0	0	0
MASTER_WP4_UNINA_2__Q-18__bin_1_PROK.fna	0	0	0
MASTER_WP4_FFoQSI_1__VB-09-M7__bin_36_PROK.fna	0	0	0
DeFilippisF_xxxx__DF_114__bin_9_PROK.fna	0	0	0
AlvarezOrdonezA_xxxx__C06-18__bin_23_EUK.fna	0	0	0
AlvarezOrdonezA_xxxx__Q03-22__bin_2_PROK.fna	0	0	0
LeechJ_xxxx__AF09__bin_10_PROK.fna	0	0	0
MASTER_WP4_FFoQSI_1__RC17-032__bin_3_PROK.fna	0	0	0
ChaconVargasK_2020__SRS6087094__bin_4_PROK.fna	0	0	0
MASTER_WP4_CSIC_1__P2137_73322__bin_2_PROK.fna	0	0	0
MASTER_WP4_FFoQSI_1__VB-09-M8__bin_47_PROK.fna	0	0	0
ZhaoCC_2020__SRS5803194__bin_11_PROK.fna	0	0	0
AlvarezOrdonezA_xxxx__C03-19__bin_12_EUK.fna	0	0	0
LandisEA_2021__SRS5653168__bin_6_PROK.fna	0	0	0
MASTER_WP4_UNINA_1__FI010_71775__bin_25_PROK.fna	0	0	0
MASTER_WP4_TEAGASC_1__TGS06-22__bin_4_PROK.fna	0	0	0
AlvarezOrdonezA_xxxx__Q06-29__bin_4_PROK.fna	0	0	0
MASTER_WP4_UNINA_1__PU007_71775__bin_15_PROK.fna	0	0	0
LeechJ_2020__ERS3967711__bin_11_PROK.fna	0	0	0
LeechJ_xxxx__AF57__bin_12_PROK.fna	0	0	0
LeechJ_xxxx__AF27__bin_4_PROK.fna	0	0	0
XieM_2019__SAMC044639__bin_29_EUK.fna	0	0	0
LandisEA_2021__SRS5653217__bin_3_PROK.fna	0	0	0
LeechJ_2020__ERS3967741__bin_4_PROK.fna	0	0	0
MASTER_WP4_UNINA_2__A-20__bin_20_PROK.fna	0	0	0
MASTER_WP4_CSIC_2__P2517__bin_2_PROK.fna	0	0	0
AlvarezOrdonezA_xxxx__F05-18__bin_5_EUK.fna	0	0	0
MASTER_WP4_CSIC_1__P2245_73323__bin_20_EUK.fna	0	0	0
MASTER_WP4_FFoQSI_2__VB08-22__bin_9_PROK.fna	0	0	0
LeechJ_xxxx__AF80__bin_2_PROK.fna	0	0	0
MASTER_WP4_FFoQSI_3__VB14-22__bin_17_PROK.fna	0	0	0
AlvarezOrdonezA_xxxx__Q07-20__bin_6_PROK.fna	0	0	0
MASTER_WP4_CSIC_2__P2558__bin_48_PROK.fna	0	0	0
LeechJ_2020__ERS3967740__bin_11_PROK.fna	0	0	0
MASTER_WP4_UNINA_1__GO013_71775__bin_11_PROK.fna	0	0	0
MASTER_WP4_CSIC_2__P2599__bin_11_EUK.fna	0	0	0
AlvarezOrdonezA_xxxx__Q07-22__bin_5_PROK.fna	0	0	0
MASTER_WP4_UNINA_1__FI109_71775__bin_14_PROK.fna	0	0	0
LiZ_2018__SRS2920553__bin_2_EUK.fna	0	0	0
MASTER_WP4_FFoQSI_2__VB16-30__bin_6_PROK.fna	0	0	0
MASTER_WP4_CSIC_2__P2601__bin_11_PROK.fna	0	0	0
MASTER_WP4_TEAGASC_1__TGS11-22__bin_13_PROK.fna	0	0	0
MASTER_WP4_UNINA_2__J-18__bin_9_PROK.fna	0	0	0
ChaconVargasK_2020__SRS6087089__bin_5_PROK.fna	0	0	0
MASTER_WP4_FFoQSI_1__KM-2D__bin_34_PROK.fna	0	0	0
LeechJ_xxxx__AF11__bin_2_PROK.fna	0	0	0
MASTER_WP4_CSIC_2__P2574__bin_32_EUK.fna	0	0	0
AlvarezOrdonezA_xxxx__C05-16__bin_5_PROK.fna	0	0	0
YulandiA_2020__SRS6115052__bin_7_PROK.fna	0	0	0
MASTER_WP4_UNINA_1__TA011_71775__bin_29_PROK.fna	0	0	0
MASTER_WP4_FFoQSI_3__VB13-30__bin_30_PROK.fna	0	0	0
WolfeBE_2014__365_Stichelton__bin_6_PROK.fna	0	0	0
MASTER_WP4_FFoQSI_3__VB13-29__bin_38_PROK.fna	0	0	0
MASTER_WP4_UNINA_2__B-22__bin_5_PROK.fna	0	0	0
MASTER_WP4_UNINA_2__M-22__bin_2_PROK.fna	0	0	0
MortensenS_xxxx__WK038-1-L-48h-03E3_S58__bin_1_EUK.fna	0	0	0
MASTER_WP4_UNINA_1__TA012_71775__bin_15_PROK.fna	0	0	0
MASTER_WP4_UNINA_2__V-21__bin_42_PROK.fna	0	0	0
SternesPR_2017__Y3D3_B_shotgun__bin_1_EUK.fna	0	0	0
PothakosV_2020__ERS2068298__bin_19_PROK.fna	0	0	0
MASTER_WP4_UNINA_1__SC012_71775__bin_14_PROK.fna	0	0	0
MASTER_WP4_FFoQSI_1__VB-05-AD__bin_2_PROK.fna	0	0	0
ChaconVargasK_2020__SRS6087094__bin_7_PROK.fna	0	0	0
MortensenS_xxxx__WK056-1-L-48h-04F7_S23__bin_7_PROK.fna	0	0	0
BertuzziAS_2018__ERS2032104__bin_6_PROK.fna	0	0	0
MASTER_WP4_CSIC_2__P2517__bin_13_PROK.fna	0	0	0
MASTER_WP4_FFoQSI_2__VB16-30__bin_31_PROK.fna	0	0	0
MASTER_WP4_FFoQSI_1__DC18-02__bin_11_PROK.fna	0	0	0
MASTER_WP4_UNINA_2__J-17__bin_22_PROK.fna	0	0	0
MASTER_WP4_UNINA_1__SF013_71775__bin_25_EUK.fna	0	0	0
LeechJ_xxxx__AF18__bin_2_PROK.fna	0	0	0
MASTER_WP4_CSIC_1__P2136_73322__bin_14_PROK.fna	0	0	0
DeFilippisF_xxxx__DF_115__bin_27_PROK.fna	0	0	0
MASTER_WP4_UNINA_1__TA011_71775__bin_24_PROK.fna	0	0	0
DeFilippisF_xxxx__DF_118__bin_3_PROK.fna	0	0	0
MASTER_WP4_CSIC_1__P2137_73322__bin_3_PROK.fna	0	0	0
MASTER_WP4_CSIC_1__P2246_73323__bin_19_EUK.fna	0	0	0
AlvarezOrdonezA_xxxx__Q05-22__bin_7_PROK.fna	0	0	0
ArikanM_2020__ERS1939580__bin_2_PROK.fna	0	0	0
MASTER_WP4_UNINA_1__SR008_71775__bin_11_PROK.fna	0	0	0
MASTER_WP4_FFoQSI_2__VB16-22__bin_19_PROK.fna	0	0	0
MASTER_WP4_UNINA_1__PT008_71775__bin_2_PROK.fna	0	0	0
MASTER_WP4_TEAGASC_1__TGS14-22__bin_12_PROK.fna	0	0	0
KumarJ_2019__SRS4562503__bin_5_PROK.fna	0	0	0
MASTER_WP4_CSIC_1__P2232_73323__bin_12_PROK.fna	0	0	0
MASTER_WP4_UNINA_2__C-20__bin_8_PROK.fna	0	0	0
LeechJ_xxxx__AF59__bin_6_PROK.fna	0	0	0
LeechJ_2020__ERS3967692__bin_4_PROK.fna	0	0	0
DeFilippisF_xxxx__DF_59__bin_12_PROK.fna	0	0	0
LeechJ_2020__ERS3967715__bin_1_PROK.fna	0	0	0
DeFilippisF_xxxx__DS_87__bin_4_PROK.fna	0	0	0
MASTER_WP4_UNINA_2__J-17__bin_9_PROK.fna	0	0	0
LeechJ_xxxx__AF14__bin_5_PROK.fna	0	0	0
MASTER_WP4_CSIC_1__P2137_73322__bin_1_PROK.fna	0	0	0
MortensenS_xxxx__WK038-2-L-48h-03E5_S60__bin_2_PROK.fna	0	0	0
MASTER_WP4_FFoQSI_1__VB14-F-AR__bin_9_PROK.fna	0	0	0
WolfeBE_2014__671_Grayson__bin_13_PROK.fna	0	0	0
DuR_2020__DRS139334__bin_17_PROK.fna	0	0	0
MASTER_WP4_UNINA_1__GO003_71775__bin_2_PROK.fna	0	0	0
MASTER_WP4_CSIC_2__P2587__bin_8_PROK.fna	0	0	0
MASTER_WP4_UNINA_2__J-19__bin_35_PROK.fna	0	0	0
WalshAM_2020__ERS3466771__bin_4_PROK.fna	0	0	0
WolfeBE_2014__mgm4524500__bin_4_fa_PROK_MiFo_tagged.fna	0	0	0
LeechJ_xxxx__AF56__bin_5_PROK.fna	0	0	0
DeFilippisF_xxxx__DS_111__bin_3_PROK.fna	0	0	0
MASTER_WP4_UNINA_2__Q-16__bin_22_PROK.fna	0	0	0
MASTER_WP4_FFoQSI_2__VB10-22__bin_21_EUK.fna	0	0	0
LiZ_2019__SRS3379169__bin_4_PROK.fna	0	0	0
LeechJ_xxxx__AF26__bin_5_EUK.fna	0	0	0
AlvarezOrdonezA_xxxx__C04-18__bin_7_EUK.fna	0	0	0
LiZ_2019__SRS3379169__bin_2_PROK.fna	0	0	0
MASTER_WP4_UNINA_1__SC012_71775__bin_8_PROK.fna	0	0	0
MortensenS_xxxx__WK069-2-L-48h-05D2_S81__bin_3_PROK.fna	0	0	0
MASTER_WP4_UNINA_1__PM012_71775__bin_1_PROK.fna	0	0	0
LandisEA_2021__SRS5652995__bin_9_PROK.fna	0	0	0
BertuzziAS_2018__ERS2032125__bin_3_EUK.fna	0	0	0
AlvarezOrdonezA_xxxx__C07-19__bin_8_PROK.fna	0	0	0
MASTER_WP4_FFoQSI_1__DC18-F-AR__bin_20_PROK.fna	0	0	0
AlvarezOrdonezA_xxxx__C06-19__bin_13_PROK.fna	0	0	0
SalvettiE_2016__SRS1050146__bin_15_PROK.fna	0	0	0
LeechJ_xxxx__AF43__bin_8_PROK.fna	0	0	0
MASTER_WP4_CSIC_2__P2574__bin_24_EUK.fna	0	0	0
MASTER_WP4_UNINA_1__PM007_71775__bin_9_PROK.fna	0	0	0
WalshAM_2020__ERS3466790__bin_1_PROK.fna	0	0	0
MASTER_WP4_UNINA_2__V-30__bin_11_EUK.fna	0	0	0
AlvarezOrdonezA_xxxx__R03-19__bin_21_PROK.fna	0	0	0
MASTER_WP4_UNINA_2__U-22__bin_5_PROK.fna	0	0	0
LeechJ_2020__ERS3967741__bin_11_PROK.fna	0	0	0
LeechJ_xxxx__AF73__bin_1_PROK.fna	0	0	0
MASTER_WP4_CSIC_2__P2614__bin_9_PROK.fna	0	0	0
MASTER_WP4_UNINA_2__A-20__bin_26_PROK.fna	0	0	0
AlvarezOrdonezA_xxxx__Q07-22__bin_9_PROK.fna	0	0	0
HeilCS_2018__Old_Warehouse_metagenome__bin_2_EUK.fna	0.483005	3.3425057	0.8669572
DeFilippisF_xxxx__DF_7__bin_8_PROK.fna	0	0	0
MASTER_WP4_TEAGASC_1__TGS11-30__bin_13_PROK.fna	0	0	0
SalvettiE_2016__SRS1050145__bin_1_PROK.fna	0	0	0
MASTER_WP4_UNINA_2__T-22__bin_13_PROK.fna	0	0	0
MASTER_WP4_FFoQSI_3__VB13-30__bin_33_PROK.fna	0	0	0
MASTER_WP4_FFoQSI_1__VB-09-AG__bin_44_PROK.fna	0	0	0
MASTER_WP4_FFoQSI_1__VB14-F-AR__bin_13_PROK.fna	0	0	0
LeechJ_xxxx__AF68__bin_13_PROK.fna	0	0	0
MASTER_WP4_CSIC_2__P2556__bin_21_EUK.fna	0	0	0
MASTER_WP4_TEAGASC_1__TGS08-29__bin_60_PROK.fna	0	0	0
MASTER_WP4_TEAGASC_1__TGS14-28__bin_1_PROK.fna	0	0	0
PasolliE_2020__SRS6525478__bin_8_PROK.fna	0	0	0
LeechJ_2020__ERS3967691__bin_10_PROK.fna	0	0	0
MASTER_WP4_FFoQSI_2__VB16-30__bin_16_PROK.fna	0	0	0
MASTER_WP4_FFoQSI_1__VB-05-BD__bin_48_PROK.fna	0	0	0
MASTER_WP4_TEAGASC_1__TGS08-29__bin_48_PROK.fna	0	0	0
MASTER_WP4_CSIC_1__P2137_73322__bin_62_PROK.fna	0	0	0
MASTER_WP4_UNINA_2__J-18__bin_3_PROK.fna	0	0	0
LeonardSR_2016__SRS1659769__bin_3_PROK.fna	0	0	0
MASTER_WP4_TEAGASC_1__TGS08-29__bin_45_PROK.fna	0	0	0
MASTER_WP4_TEAGASC_1__TGS04-28__bin_25_PROK.fna	0	0	0
XieM_2019__SAMC044639__bin_32_PROK.fna	0	0	0
DeFilippisF_xxxx__DF_11__bin_15_PROK.fna	0	0	0
AlvarezOrdonezA_xxxx__Q07-22__bin_21_PROK.fna	0	0	0
DeFilippisF_xxxx__DS_106__bin_5_PROK.fna	0	0	0
DeFilippisF_xxxx__DS_93__bin_1_PROK.fna	0	0	0
MASTER_WP4_CSIC_2__P2621__bin_17_PROK.fna	0	0	0
MASTER_WP4_FFoQSI_3__VB07-30__bin_45_PROK.fna	0	0	0
MASTER_WP4_FFoQSI_1__VB12-F-BR__bin_6_PROK.fna	0	0	0
MASTER_WP4_TEAGASC_1__TGS13-22__bin_10_PROK.fna	0	0	0
AlvarezOrdonezA_xxxx__Q06-25__bin_5_PROK.fna	0	0	0
LiZ_2018__SRS2920551__bin_15_PROK.fna	0	0	0
MASTER_WP4_UNINA_1__CF008_71775__bin_11_PROK.fna	0	0	0
LeechJ_xxxx__AF59__bin_3_PROK.fna	0	0	0
MASTER_WP4_UNINA_1__PM013_71775__bin_4_PROK.fna	0	0	0
AlvarezOrdonezA_xxxx__F05-18__bin_3_EUK.fna	0	0	0
MASTER_WP4_UNINA_1__PB007_73417__bin_10_PROK.fna	0	0	0
MASTER_WP4_CSIC_2__P2634__bin_5_EUK.fna	0	0	0
LeechJ_xxxx__AF53__bin_1_PROK.fna	0	0	0
MASTER_WP4_UNINA_1__SS007_71775__bin_14_PROK.fna	0	0	0
AlvarezOrdonezA_xxxx__Q02-23__bin_9_PROK.fna	0	0	0
MASTER_WP4_UNINA_2__M-29__bin_23_PROK.fna	0	0	0
MASTER_WP4_FFoQSI_1__VB-09-AG__bin_36_EUK.fna	0	0	0
ZhaoCC_2020__SRS5803192__bin_31_PROK.fna	0	0	0
ZhaoCC_2020__SRS5803192__bin_11_PROK.fna	0	0	0
AlvarezOrdonezA_xxxx__Q07-29__bin_22_PROK.fna	0	0	0
DeFilippisF_xxxx__DS_66__bin_21_PROK.fna	0	0	0
MASTER_WP4_UNINA_2__J-19__bin_1_PROK.fna	0	0	0
DeRoosJ_2020__B24M__bin_2_EUK.fna	0	0	0
DeFilippisF_xxxx__DS_1__bin_17_PROK.fna	0	0	0
SalvettiE_2016__SRS1050146__bin_19_PROK.fna	0	0	0
AlvarezOrdonezA_xxxx__R01-19__bin_3_PROK.fna	0	0	0
MortensenS_xxxx__WK041-2-G-48h-04B8_S117__bin_1_PROK.fna	0	0	0
LeechJ_2020__ERS3967699__bin_4_PROK.fna	0	0	0
MASTER_WP4_CSIC_1__P2137_73322__bin_66_PROK.fna	0	0	0
MASTER_WP4_UNINA_2__U-22__bin_7_EUK.fna	0	0	0
MASTER_WP4_UNINA_2__J-19__bin_38_PROK.fna	0	0	0
MASTER_WP4_CSIC_1__P2134_73322__bin_12_PROK.fna	0	0	0
MASTER_WP4_UNINA_1__PU007_71775__bin_3_PROK.fna	0	0	0
LeechJ_2020__ERS3967698__bin_1_PROK.fna	0	0	0
MortensenS_xxxx__WK006-2-L-08h-01H5_S47__bin_5_PROK.fna	0	0	0
LeechJ_xxxx__AF59__bin_5_PROK.fna	0	0	0
MASTER_WP4_CSIC_1__P2201_73323__bin_5_PROK.fna	0	0	0
MASTER_WP4_UNINA_2__J-16__bin_40_PROK.fna	0	0	0
MASTER_WP4_MATIS_1__S3-19__bin_1_PROK.fna	0	0	0
SternesPR_2017__T2D1_A_shotgun__bin_2_PROK.fna	0	0	0
MASTER_WP4_UNINA_1__PM001_71775__bin_4_PROK.fna	0	0	0
MASTER_WP4_FFoQSI_2__VB16-30__bin_11_PROK.fna	0	0	0
MASTER_WP4_TEAGASC_1__TGS15-30__bin_8_PROK.fna	0	0	0
MortensenS_xxxx__WK028-2-L-08h-02I9_S19__bin_2_PROK.fna	0	0	0
PatroJN_2016__SRS1044731__bin_7_PROK.fna	0	0	0
SalvettiE_2016__SRS1050145__bin_9_PROK.fna	0	0	0
MASTER_WP4_UNINA_2__T-22__bin_17_PROK.fna	0	0	0
MASTER_WP4_UNINA_2__N-20__bin_1_PROK.fna	0	0	0
MASTER_WP4_CSIC_2__P2614__bin_19_EUK.fna	0	0	0
XieM_2019__SAMC044639__bin_4_PROK.fna	0	0	0
LiZ_2018__SRS2920551__bin_23_PROK.fna	0	0	0
MASTER_WP4_TEAGASC_1__TGS02-22__bin_4_EUK.fna	0	0	0
DeFilippisF_xxxx__DS_56__bin_13_PROK.fna	0	0	0
AlvarezOrdonezA_xxxx__R03-19__bin_22_PROK.fna	0	0	0
DuR_2020__DRS139335__bin_25_EUK.fna	0	0	0
MASTER_WP4_FFoQSI_3__VB02-22__bin_7_PROK.fna	0	0	0
MASTER_WP4_TEAGASC_1__TGS05-22__bin_3_EUK.fna	0	0	0
MASTER_WP4_UNINA_2__J-19__bin_14_PROK.fna	0	0	0
MASTER_WP4_UNINA_2__A-20__bin_16_PROK.fna	0	0	0
LeechJ_xxxx__AF25__bin_17_EUK.fna	0	0	0
MortensenS_xxxx__WK020-1-L-08h-02E5_S101__bin_6_PROK.fna	0	0	0
MASTER_WP4_UNINA_2__Q-16__bin_13_PROK.fna	0	0	0
MASTER_WP4_TEAGASC_1__TGS14-22__bin_29_PROK.fna	0	0	0
AlvarezOrdonezA_xxxx__Q05-22__bin_2_PROK.fna	0	0	0
MASTER_WP4_UNINA_1__MO002_71775__bin_1_PROK.fna	0	0	0
WalshL_xxxx__D12__bin_2_PROK.fna	0	0	0
MASTER_WP4_CSIC_2__P2608__bin_7_PROK.fna	0	0	0
MASTER_WP4_UNINA_1__SA009_71775__bin_15_PROK.fna	0	0	0
LeechJ_2020__ERS3967707__bin_4_PROK.fna	0	0	0
MASTER_WP4_UNINA_2__G-16__bin_4_PROK.fna	0	0	0
MortensenS_xxxx__WK066-2-G-48h-05I1_S125__bin_1_PROK.fna	0	0	0
MASTER_WP4_CSIC_2__P2598__bin_8_EUK.fna	0	0	0
MASTER_WP4_CSIC_1__P2172_73322__bin_6_PROK.fna	0	0	0
LeechJ_2020__ERS3967714__bin_6_EUK.fna	0.6170647	4.5124826	0.93967086
LandisEA_2021__SRS5653374__bin_3_PROK.fna	0	0	0
PatroJN_2016__SRS1044736__bin_4_PROK.fna	0	0	0
MASTER_WP4_UNINA_1__GO102_71775__bin_18_PROK.fna	0	0	0
SternesPR_2017__Y3D1_B_shotgun__bin_2_EUK.fna	0	0	0
YulandiA_2020__SRS6115053__bin_26_PROK.fna	0	0	0
WolfeBE_2014__950_Rush_Creek__bin_5_PROK.fna	0	0	0
KumarJ_2019__SRS4562500__bin_6_PROK.fna	0	0	0
PatroJN_2016__SRS1044732__bin_6_PROK.fna	0	0	0
MASTER_WP4_FFoQSI_3__VB09-27__bin_3_PROK.fna	0	0	0
WolfeBE_2014__932_Robiola_due_Latte__bin_6_PROK.fna	0	0	0
LandisEA_2021__SRS5653013__bin_4_PROK.fna	0	0	0
MASTER_WP4_UNINA_2__V-21__bin_39_PROK.fna	0	0	0
MASTER_WP4_CSIC_2__P2576__bin_11_EUK.fna	0	0	0
LeechJ_xxxx__AF06__bin_8_PROK.fna	0	0	0
MASTER_WP4_FFoQSI_1__VB-14-AD__bin_11_EUK.fna	0	0	0
DeFilippisF_xxxx__DS_53__bin_5_PROK.fna	0	0	0
MASTER_WP4_UNINA_2__J-18__bin_41_PROK.fna	0	0	0
WalshAM_2020__ERS3466727__bin_1_PROK.fna	0	0	0
LiZ_2018__SRS2920550__bin_9_PROK.fna	0	0	0
ArikanM_2020__ERS1939655__bin_12_PROK.fna	0	0	0
MASTER_WP4_TEAGASC_1__TGS14-22__bin_17_PROK.fna	0	0	0
WalshL_xxxx__H3_S87__bin_2_PROK.fna	0	0	0
ZhaoCC_2020__SRS5803194__bin_35_PROK.fna	0	0	0
MASTER_WP4_CSIC_2__P2623__bin_38_PROK.fna	0	0	0
WolfeBE_2014__771_Tarentaise__bin_10_PROK.fna	0	0	0
MASTER_WP4_UNINA_2__M-20__bin_22_PROK.fna	0	0	0
DeFilippisF_xxxx__DS_12__bin_6_PROK.fna	0	0	0
MASTER_WP4_CSIC_2__P2517__bin_17_PROK.fna	0	0	0
MortensenS_xxxx__WK006-1-L-48h-01H4_S46__bin_8_PROK.fna	0	0	0
MASTER_WP4_UNINA_2__M-20__bin_10_PROK.fna	0	0	0
MASTER_WP4_CSIC_2__P2502__bin_5_PROK.fna	0	0	0
MASTER_WP4_CSIC_1__P2137_73322__bin_36_PROK.fna	0	0	0
LeechJ_xxxx__AF26__bin_14_EUK.fna	0	0	0
MASTER_WP4_UNINA_2__V-29__bin_1_PROK.fna	0	0	0
MASTER_WP4_UNINA_2__R-34__bin_2_PROK.fna	0	0	0
DeFilippisF_xxxx__DF_79__bin_23_PROK.fna	0	0	0
MASTER_WP4_FFoQSI_2__VB15-20__bin_2_PROK.fna	0	0	0
LeechJ_xxxx__AF63__bin_4_PROK.fna	0	0	0
MASTER_WP4_UNINA_2__J-18__bin_38_PROK.fna	0	0	0
MASTER_WP4_UNINA_2__Q-18__bin_16_PROK.fna	0	0	0
LeechJ_2020__ERS3967742__bin_3_EUK.fna	0	0	0
LeechJ_2020__ERS3967690__bin_4_PROK.fna	0	0	0
PothakosV_2020__ERS2068299__bin_14_PROK.fna	0	0	0
AlvarezOrdonezA_xxxx__C08-18__bin_12_EUK.fna	0	0	0
ZhaoCC_2020__SRS5803193__bin_14_PROK.fna	0	0	0
MASTER_WP4_UNINA_2__A-20__bin_25_PROK.fna	0	0	0
AlvarezOrdonezA_xxxx__Q06-29__bin_7_PROK.fna	0	0	0
KastmanEK_2016__CSB387__bin_6_PROK.fna	0	0	0
MASTER_WP4_TEAGASC_1__TGS11-22__bin_7_PROK.fna	0	0	0
LeechJ_xxxx__AF45__bin_9_PROK.fna	0	0	0
MASTER_WP4_UNINA_1__FO007_71775__bin_9_PROK.fna	0	0	0
DeRoosJ_2020__B3M__bin_1_PROK.fna	0	0	0
MASTER_WP4_TEAGASC_1__TGS15-30__bin_21_PROK.fna	0	0	0
LeechJ_xxxx__AF83__bin_9_PROK.fna	0	0	0
ArikanM_2020__ERS1939655__bin_10_PROK.fna	0	0	0
LiZ_2018__SRS2920551__bin_2_EUK.fna	0	0	0
MASTER_WP4_FFoQSI_1__DC18-F-BR__bin_10_PROK.fna	0	0	0
MASTER_WP4_UNINA_2__J-17__bin_35_PROK.fna	0	0	0
MASTER_WP4_FFoQSI_1__VB-09-M7__bin_53_PROK.fna	0	0	0
MASTER_WP4_CSIC_2__P2545__bin_25_EUK.fna	0	0	0
ZhaoCC_2020__SRS5803195__bin_38_PROK.fna	0	0	0
WalshAM_2017__ERS1739839__bin_4_PROK.fna	0	0	0
MASTER_WP4_UNINA_1__SP109_71775__bin_29_PROK.fna	0	0	0
AlvarezOrdonezA_xxxx__C07-19__bin_10_PROK.fna	0	0	0
LeechJ_xxxx__AF74__bin_1_PROK.fna	0	0	0
AlvarezOrdonezA_xxxx__Q07-22__bin_15_PROK.fna	0	0	0
WalshL_xxxx__H3_S87__bin_4_PROK.fna	0	0	0
MASTER_WP4_CSIC_2__P2476__bin_1_PROK.fna	0	0	0
DeFilippisF_xxxx__DS_111__bin_23_PROK.fna	0	0	0
MASTER_WP4_CSIC_2__P2590__bin_1_PROK.fna	0	0	0
MASTER_WP4_FFoQSI_1__VB-03-M5__bin_37_PROK.fna	0	0	0
MortensenS_xxxx__WK050-1-L-48h-04C8_S126__bin_12_PROK.fna	0	0	0
SternesPR_2017__T1D1_A_shotgun__bin_5_PROK.fna	0	0	0
LeechJ_xxxx__AF17__bin_5_PROK.fna	0	0	0
MASTER_WP4_UNINA_2__I-30__bin_11_PROK.fna	0	0	0
MASTER_WP4_UNINA_1__GO004_71775__bin_12_PROK.fna	0	0	0
MASTER_WP4_FFoQSI_3__VB07-22__bin_11_PROK.fna	0	0	0
LandisEA_2021__SRS5653199__bin_6_PROK.fna	0	0	0
LeechJ_xxxx__AF43__bin_11_PROK.fna	0	0	0
MASTER_WP4_CSIC_1__P2172_73322__bin_4_PROK.fna	0	0	0
AlvarezOrdonezA_xxxx__Q03-30__bin_1_PROK.fna	0	0	0
AlvarezOrdonezA_xxxx__F03-18__bin_4_PROK.fna	0	0	0
MASTER_WP4_CSIC_2__P2603__bin_2_PROK.fna	0	0	0
WalshL_xxxx__H3_S87__bin_11_PROK.fna	0	0	0
MortensenS_xxxx__WK027-1-L-48h-02I4_S14__bin_10_PROK.fna	0	0	0
MASTER_WP4_FFoQSI_1__VB-15-BD__bin_9_PROK.fna	0	0	0
DeFilippisF_xxxx__DS_68__bin_16_PROK.fna	0	0	0
MASTER_WP4_UNINA_2__V-21__bin_24_PROK.fna	0	0	0
LeechJ_xxxx__AF83__bin_7_PROK.fna	0	0	0
XieM_2019__SAMC044639__bin_1_PROK.fna	0	0	0
WolfeBE_2014__mgm4524485__bin_2_fa_PROK_MiFo_tagged.fna	0	0	0
DeFilippisF_xxxx__DS_111__bin_21_PROK.fna	0	0	0
MASTER_WP4_UNINA_2__N-22__bin_3_PROK.fna	0	0	0
AlvarezOrdonezA_xxxx__Q08-22__bin_9_PROK.fna	0	0	0
MASTER_WP4_FFoQSI_1__RC17-01__bin_7_PROK.fna	0	0	0
MASTER_WP4_TEAGASC_1__TGS01-22__bin_26_PROK.fna	0	0	0
LiZ_2018__SRS2920551__bin_19_PROK.fna	0	0	0
MASTER_WP4_UNINA_1__GO004_71775__bin_16_PROK.fna	0	0	0
AlvarezOrdonezA_xxxx__C04-17__bin_12_PROK.fna	0	0	0
MASTER_WP4_UNINA_2__J-18__bin_26_PROK.fna	0	0	0
LiZ_2018__SRS2920551__bin_21_PROK.fna	0	0	0
MASTER_WP4_FFoQSI_3__VB14-22__bin_43_PROK.fna	0	0	0
DeFilippisF_xxxx__DF_79__bin_11_PROK.fna	0	0	0
WolfeBE_2014__950_Rush_Creek__bin_2_PROK.fna	0	0	0
MASTER_WP4_UNINA_2__J-17__bin_44_PROK.fna	0	0	0
MASTER_WP4_UNINA_2__J-18__bin_43_PROK.fna	0	0	0
MASTER_WP4_CSIC_1__P2134_73322__bin_19_PROK.fna	0	0	0
AlvarezOrdonezA_xxxx__R03-19__bin_7_PROK.fna	0	0	0
AlvarezOrdonezA_xxxx__F03-19__bin_17_PROK.fna	0	0	0
MASTER_WP4_UNINA_2__E-22__bin_7_PROK.fna	0	0	0
ArikanM_2020__ERS1939655__bin_4_PROK.fna	0	0	0
MASTER_WP4_TEAGASC_1__TGS15-30__bin_32_PROK.fna	0	0	0
MortensenS_xxxx__WK069-1-L-48h-05C9_S79__bin_7_PROK.fna	0	0	0
ZhaoCC_2020__SRS5803194__bin_24_PROK.fna	0	0	0
ZhaoCC_2020__SRS5803195__bin_53_PROK.fna	0	0	0
MortensenS_xxxx__WK051-1-L-08h-04D4_S2__bin_2_PROK.fna	0	0	0
MASTER_WP4_UNINA_2__P-22__bin_7_PROK.fna	0	0	0
LeechJ_2020__ERS3967738__bin_5_PROK.fna	0	0	0
LandisEA_2021__SRS5653137__bin_6_PROK.fna	0	0	0
ArikanM_2020__ERS1939580__bin_3_PROK.fna	0	0	0
ChaconVargasK_2020__SRS6087088__bin_16_PROK.fna	0	0	0
MASTER_WP4_UNINA_2__J-18__bin_32_PROK.fna	0	0	0
MASTER_WP4_FFoQSI_3__VB13-29__bin_13_PROK.fna	0	0	0
LeechJ_xxxx__AF59__bin_15_PROK.fna	0	0	0
MASTER_WP4_CSIC_2__P2629__bin_13_PROK.fna	0	0	0
MASTER_WP4_UNINA_2__R-32__bin_23_PROK.fna	0	0	0
LiZ_2018__SRS2920550__bin_7_PROK.fna	0	0	0
YulandiA_2020__SRS6115053__bin_6_PROK.fna	0	0	0
AlvarezOrdonezA_xxxx__Q06-22__bin_6_PROK.fna	0	0	0
BertuzziAS_2018__ERS2032089__bin_5_PROK.fna	0	0	0
MortensenS_xxxx__WK010-2-G-48h-01D4_S10__bin_2_PROK.fna	0	0	0
MASTER_WP4_UNINA_1__PM012_71775__bin_13_PROK.fna	0	0	0
MASTER_WP4_UNINA_1__FO007_71775__bin_38_PROK.fna	0	0	0
MASTER_WP4_CSIC_1__P2136_73322__bin_21_PROK.fna	0	0	0
AlvarezOrdonezA_xxxx__Q05-26__bin_2_PROK.fna	0	0	0
MortensenS_xxxx__WK030-2-L-48h-03A9_S28__bin_2_PROK.fna	0	0	0
WolfeBE_2014__575_CabotClothbound__bin_2_PROK.fna	0	0	0
MortensenS_xxxx__WK062-2-L-48h-04I6_S49__bin_5_PROK.fna	0	0	0
WolfeBE_2014__575_CabotClothbound__bin_5_PROK.fna	0	0	0
MASTER_WP4_CSIC_2__P2517__bin_19_PROK.fna	0	0	0
MASTER_WP4_CSIC_2__P2517__bin_16_PROK.fna	0	0	0
MASTER_WP4_FFoQSI_3__VB07-22__bin_2_PROK.fna	0	0	0
LiZ_2018__SRS2920551__bin_17_PROK.fna	0	0	0
LeechJ_xxxx__AF67__bin_4_EUK.fna	0	0	0
YulandiA_2020__SRS6115052__bin_6_PROK.fna	0	0	0
DeFilippisF_xxxx__DS_107__bin_6_PROK.fna	0	0	0
LandisEA_2021__SRS5653396__bin_3_PROK.fna	0	0	0
MASTER_WP4_CSIC_1__P2137_73322__bin_46_PROK.fna	0	0	0
LeechJ_xxxx__AF09__bin_2_PROK.fna	0	0	0
MASTER_WP4_FFoQSI_1__VB12-F-AR__bin_11_PROK.fna	0	0	0
LandisEA_2021__SRS5653152__bin_5_PROK.fna	0	0	0
MASTER_WP4_FFoQSI_1__VB-05-BG__bin_33_PROK.fna	0	0	0
PatroJN_2016__SRS1044738__bin_7_PROK.fna	0	0	0
MASTER_WP4_CSIC_1__P2137_73322__bin_21_PROK.fna	0	0	0
LeechJ_2020__ERS3967715__bin_5_PROK.fna	0	0	0
MASTER_WP4_UNINA_2__J-18__bin_23_PROK.fna	0	0	0
MASTER_WP4_FFoQSI_1__VB-09-M7__bin_47_PROK.fna	0	0	0
MASTER_WP4_FFoQSI_2__VB11-30__bin_19_PROK.fna	0	0	0
BertuzziAS_2018__ERS2032125__bin_1_PROK.fna	0	0	0
DeFilippisF_xxxx__DS_69__bin_7_PROK.fna	0	0	0
WolfeBE_2014__679_Raclette__bin_6_PROK.fna	0	0	0
MortensenS_xxxx__WK008-1-L-48h-01I3_S54__bin_6_PROK.fna	0	0	0
MASTER_WP4_CSIC_2__P2517__bin_12_PROK.fna	0	0	0
AlvarezOrdonezA_xxxx__Q03-20__bin_7_PROK.fna	0	0	0
MASTER_WP4_UNINA_1__FO007_71775__bin_32_PROK.fna	0	0	0
AlvarezOrdonezA_xxxx__Q07-29__bin_1_PROK.fna	0	0	0
MASTER_WP4_FFoQSI_1__DC18-F-AR__bin_2_PROK.fna	0	0	0
DeFilippisF_xxxx__DF_5__bin_6_PROK.fna	0	0	0
LeechJ_2020__ERS3967728__bin_7_PROK.fna	0	0	0
LeechJ_xxxx__AF27__bin_5_PROK.fna	0	0	0
MASTER_WP4_UNINA_2__V-21__bin_37_PROK.fna	0	0	0
MASTER_WP4_FFoQSI_1__VB-06-AD__bin_7_PROK.fna	0	0	0
MASTER_WP4_FFoQSI_1__RC17-F-AR__bin_31_PROK.fna	0	0	0
MortensenS_xxxx__WK040-2-L-08h-03F3_S67__bin_4_EUK.fna	0	0	0
ChaconVargasK_2020__SRS6087094__bin_10_PROK.fna	0	0	0
MASTER_WP4_UNINA_2__Q-17__bin_6_PROK.fna	0	0	0
WalshAM_2020__ERS3466749__bin_1_PROK.fna	0	0	0
LeechJ_xxxx__AF51__bin_18_PROK.fna	0	0	0
MASTER_WP4_FFoQSI_1__VB-16-BD__bin_61_PROK.fna	0	0	0
WolfeBE_2014__771_Tarentaise__bin_3_PROK.fna	0	0	0
MASTER_WP4_CSIC_1__P2232_73323__bin_6_PROK.fna	0	0	0
MASTER_WP4_FFoQSI_2__VB15-21__bin_5_PROK.fna	0	0	0
LeechJ_2020__ERS3967702__bin_1_PROK.fna	0	0	0
MASTER_WP4_FFoQSI_1__VB-05-BD__bin_32_PROK.fna	0	0	0
LandisEA_2021__SRS5653283__bin_1_PROK.fna	0	0	0
LeechJ_xxxx__AF55__bin_3_PROK.fna	0	0	0
KastmanEK_2016__CSB737__bin_5_PROK.fna	0	0	0
MASTER_WP4_UNINA_2__J-18__bin_1_PROK.fna	0	0	0
WalshL_xxxx__H3_S87__bin_24_PROK.fna	0	0	0
MortensenS_xxxx__WK016-2-L-48h-02D1_S88__bin_8_EUK.fna	0	0	0
MortensenS_xxxx__WK002-1-L-48h-01F6_S30__bin_6_PROK.fna	0	0	0
MASTER_WP4_CSIC_1__P2243_73323__bin_2_PROK.fna	0	0	0
DeFilippisF_xxxx__DF_11__bin_27_PROK.fna	0	0	0
LeechJ_xxxx__AF82__bin_10_EUK.fna	0	0	0
MASTER_WP4_UNINA_2__J-18__bin_15_PROK.fna	0	0	0
MASTER_WP4_CSIC_1__P2212_73323__bin_6_PROK.fna	0	0	0
LeechJ_xxxx__AF47__bin_4_PROK.fna	0	0	0
MASTER_WP4_FFoQSI_1__VB-12D__bin_20_PROK.fna	0	0	0
MASTER_WP4_UNINA_1__SC109_71775__bin_23_PROK.fna	0	0	0
MASTER_WP4_CSIC_1__P2134_73322__bin_3_PROK.fna	0	0	0
MortensenS_xxxx__WK046-2-L-08h-03H9_S91__bin_6_PROK.fna	0	0	0
ZhaoCC_2020__SRS5803191__bin_31_PROK.fna	0	0	0
LeechJ_xxxx__AF57__bin_8_PROK.fna	0	0	0
MASTER_WP4_UNINA_2__Q-16__bin_9_PROK.fna	0	0	0
DeFilippisF_xxxx__DF_4__bin_22_PROK.fna	0	0	0
MASTER_WP4_UNINA_2__J-19__bin_33_PROK.fna	0	0	0
LeechJ_2020__ERS3967741__bin_12_PROK.fna	0	0	0
DeFilippisF_xxxx__DF_100__bin_18_PROK.fna	0	0	0
ZhaoCC_2020__SRS5803195__bin_46_PROK.fna	0	0	0
ChaconVargasK_2020__SRS6087090__bin_12_PROK.fna	0	0	0
LeechJ_xxxx__AF06__bin_4_PROK.fna	0	0	0
LeechJ_xxxx__AF68__bin_3_PROK.fna	0	0	0
MASTER_WP4_CSIC_1__P2137_73322__bin_9_PROK.fna	0	0	0
MASTER_WP4_CSIC_2__P2618__bin_29_EUK.fna	0	0	0
MASTER_WP4_CSIC_2__P2608__bin_1_PROK.fna	0	0	0
AlvarezOrdonezA_xxxx__Q08-22__bin_23_PROK.fna	0	0	0
DeFilippisF_xxxx__DF_37__bin_11_PROK.fna	0	0	0
MASTER_WP4_UNINA_2__V-29__bin_28_PROK.fna	0	0	0
MASTER_WP4_CSIC_2__P2633__bin_16_PROK.fna	0	0	0
MASTER_WP4_UNINA_2__J-18__bin_18_PROK.fna	0	0	0
DeFilippisF_xxxx__DS_106__bin_2_PROK.fna	0	0	0
AlvarezOrdonezA_xxxx__Q04-25__bin_3_PROK.fna	0	0	0
MortensenS_xxxx__WK007-2-G-48h-01D1_S7__bin_3_PROK.fna	0	0	0
DeFilippisF_xxxx__DS_111__bin_11_PROK.fna	0	0	0
MASTER_WP4_FFoQSI_3__VB07-30__bin_25_PROK.fna	0	0	0
MASTER_WP4_TEAGASC_1__TGS13-22__bin_5_PROK.fna	0	0	0
AlvarezOrdonezA_xxxx__C02-16__bin_18_PROK.fna	0	0	0
MASTER_WP4_UNINA_2__J-18__bin_11_PROK.fna	0	0	0
LeechJ_xxxx__AF57__bin_1_PROK.fna	0	0	0
LeechJ_xxxx__AF47__bin_6_PROK.fna	0	0	0
AlvarezOrdonezA_xxxx__Q05-21__bin_4_PROK.fna	0	0	0
MASTER_WP4_FFoQSI_3__VB07-30__bin_29_PROK.fna	0	0	0
MASTER_WP4_TEAGASC_1__TGS01-22__bin_6_PROK.fna	0	0	0
DeFilippisF_xxxx__DF_79__bin_12_PROK.fna	0	0	0
WalshL_xxxx__H3_S87__bin_5_PROK.fna	0	0	0
MASTER_WP4_FFoQSI_3__VB14-22__bin_35_PROK.fna	0	0	0
LeechJ_2020__ERS3967697__bin_7_PROK.fna	0	0	0
DeFilippisF_xxxx__DF_96__bin_12_PROK.fna	0	0	0
PasolliE_2020__SRS6525479__bin_13_PROK.fna	1.674812	6.5521545	0.76274616
LeechJ_xxxx__AF68__bin_1_PROK.fna	0	0	0
DeFilippisF_xxxx__DS_2__bin_3_PROK.fna	0	0	0
DeFilippisF_xxxx__DF_18__bin_10_PROK.fna	0	0	0
AlvarezOrdonezA_xxxx__Q07-22__bin_19_PROK.fna	0	0	0
LeechJ_xxxx__AF81__bin_1_PROK.fna	0	0	0
LeechJ_2020__ERS3967711__bin_14_PROK.fna	0	0	0
AlvarezOrdonezA_xxxx__Q07-20__bin_16_PROK.fna	0	0	0
MortensenS_xxxx__WK014-2-L-48h-02C2_S80__bin_8_PROK.fna	0	0	0
AlvarezOrdonezA_xxxx__F03-18__bin_1_PROK.fna	0	0	0
AlvarezOrdonezA_xxxx__Q03-30__bin_5_PROK.fna	0	0	0
AlvarezOrdonezA_xxxx__Q04-21__bin_11_PROK.fna	0	0	0
MASTER_WP4_CSIC_1__P2137_73322__bin_19_PROK.fna	0	0	0
MASTER_WP4_CSIC_1__P2250_73323__bin_29_PROK.fna	0	0	0
SternesPR_2017__Y2D1_B_shotgun__bin_4_EUK.fna	0	0	0
MASTER_WP4_CSIC_1__P2134_73322__bin_26_PROK.fna	0	0	0
AlvarezOrdonezA_xxxx__Q07-29__bin_13_PROK.fna	0	0	0
MASTER_WP4_UNINA_1__GO004_71775__bin_2_PROK.fna	0	0	0
MASTER_WP4_UNINA_1__PU007_71775__bin_44_PROK.fna	0	0	0
MASTER_WP4_TEAGASC_1__TGS06-22__bin_10_EUK.fna	0	0	0
PatroJN_2016__SRS1044732__bin_3_PROK.fna	0	0	0
MASTER_WP4_CSIC_1__P2134_73322__bin_24_PROK.fna	0	0	0
MASTER_WP4_CSIC_1__P2137_73322__bin_27_PROK.fna	0	0	0
YulandiA_2020__SRS6115053__bin_17_PROK.fna	0	0	0
MASTER_WP4_FFoQSI_1__KM-1D__bin_12_PROK.fna	0	0	0
MortensenS_xxxx__WK032-1-L-48h-03B6_S34__bin_2_PROK.fna	0	0	0
AlvarezOrdonezA_xxxx__Q06-30__bin_1_EUK.fna	0	0	0
LeechJ_2020__ERS3967724__bin_1_PROK.fna	0	0	0
MASTER_WP4_CSIC_1__P2237_73323__bin_8_PROK.fna	0	0	0
LeechJ_xxxx__AF17__bin_2_EUK.fna	0	0	0
LeechJ_xxxx__AF45__bin_11_PROK.fna	0	0	0
LiZ_2018__SRS2920550__bin_19_EUK.fna	0	0	0
MASTER_WP4_FFoQSI_1__VB-16-BD__bin_41_EUK.fna	0	0	0
DuR_2020__DRS139333__bin_13_EUK.fna	0	0	0
LeechJ_xxxx__AF43__bin_12_PROK.fna	0	0	0
LiZ_2018__SRS2920550__bin_17_PROK.fna	0	0	0
MASTER_WP4_CSIC_1__P2242_73323__bin_17_PROK.fna	0	0	0
MASTER_WP4_CSIC_2__P2599__bin_16_EUK.fna	0	0	0
WolfeBE_2014__575_CabotClothbound__bin_6_PROK.fna	0	0	0
MASTER_WP4_FFoQSI_1__KM-2D__bin_36_PROK.fna	0	0	0
MASTER_WP4_UNINA_1__GR002_73417__bin_7_PROK.fna	0	0	0
LeechJ_2020__ERS3967715__bin_7_PROK.fna	0	0	0
SternesPR_2017__Y2D1_A_shotgun__bin_3_EUK.fna	0	0	0
MASTER_WP4_UNINA_1__PB007_73417__bin_4_PROK.fna	0	0	0
MASTER_WP4_UNINA_1__GR111_73417__bin_1_PROK.fna	0	0	0
MASTER_WP4_FFoQSI_1__VB-14-M17__bin_27_PROK.fna	0	0	0
MortensenS_xxxx__WK040-1-L-48h-03F2_S66__bin_3_PROK.fna	0	0	0
MASTER_WP4_UNINA_1__GO013_71775__bin_23_PROK.fna	0	0	0
MortensenS_xxxx__WK059-2-L-48h-04H3_S37__bin_8_PROK.fna	0	0	0
MASTER_WP4_FFoQSI_1__VB-15-M9__bin_5_PROK.fna	0	0	0
ZhaoCC_2020__SRS5803193__bin_3_PROK.fna	0	0	0
LeechJ_xxxx__AF55__bin_10_PROK.fna	0	0	0
MASTER_WP4_UNINA_2__V-24__bin_20_PROK.fna	0	0	0
MASTER_WP4_UNINA_1__SR008_71775__bin_19_PROK.fna	0	0	0
MASTER_WP4_TEAGASC_1__TGS13-22__bin_3_PROK.fna	0	0	0
MASTER_WP4_CSIC_1__P2249_73323__bin_15_PROK.fna	0	0	0
LeechJ_xxxx__AF69__bin_6_PROK.fna	0	0	0
MASTER_WP4_UNINA_1__FO011_71775__bin_15_PROK.fna	0	0	0
LeechJ_2020__ERS3967690__bin_3_PROK.fna	0	0	0
LeechJ_xxxx__AF54__bin_1_PROK.fna	0	0	0
MASTER_WP4_CSIC_1__P2144_73322__bin_14_PROK.fna	0	0	0
LeechJ_xxxx__AF84__bin_10_PROK.fna	0	0	0
LeechJ_xxxx__AF66__bin_4_PROK.fna	0	0	0
MASTER_WP4_FFoQSI_1__VB-15-BD__bin_54_PROK.fna	0	0	0
MASTER_WP4_FFoQSI_1__RC17-F-AR__bin_15_PROK.fna	0	0	0
MASTER_WP4_UNINA_2__J-16__bin_1_PROK.fna	0	0	0
PothakosV_2020__ERS2068299__bin_21_PROK.fna	0	0	0
PothakosV_2020__ERS2068301__bin_18_PROK.fna	0	0	0
MASTER_WP4_UNINA_2__J-18__bin_28_PROK.fna	0	0	0
MASTER_WP4_TEAGASC_1__TGS07-22__bin_5_PROK.fna	0	0	0
MASTER_WP4_UNINA_1__PM012_71775__bin_11_PROK.fna	0	0	0
MASTER_WP4_CSIC_2__P2578__bin_9_PROK.fna	0	0	0
SulaimanJ_2014__SRS398268__bin_7_PROK.fna	0	0	0
MASTER_WP4_CSIC_1__P2137_73322__bin_38_PROK.fna	0	0	0
MASTER_WP4_TEAGASC_1__TGS14-30__bin_33_PROK.fna	0	0	0
LiZ_2018__SRS2920551__bin_6_PROK.fna	0	0	0
KumarJ_2019__SRS4562503__bin_9_PROK.fna	0	0	0
MASTER_WP4_UNINA_1__PA001_71775__bin_3_PROK.fna	0	0	0
WalshAM_2017__ERS1739834__bin_1_PROK.fna	0	0	0
LeechJ_2020__ERS3967711__bin_13_PROK.fna	0	0	0
MASTER_WP4_TEAGASC_1__TGS06-22__bin_9_EUK.fna	0	0	0
MASTER_WP4_CSIC_1__P2238_73323__bin_12_PROK.fna	0	0	0
MASTER_WP4_FFoQSI_3__VB14-22__bin_47_PROK.fna	0	0	0
AlvarezOrdonezA_xxxx__C05-19__bin_11_PROK.fna	0	0	0
WalshAM_2020__ERS3466737__bin_4_PROK.fna	0	0	0
MASTER_WP4_UNINA_1__PB007_73417__bin_16_PROK.fna	0	0	0
MASTER_WP4_CSIC_2__P2598__bin_18_EUK.fna	0	0	0
LeechJ_2020__ERS3967744__bin_7_PROK.fna	0	0	0
LiZ_2018__SRS2920550__bin_1_PROK.fna	0	0	0
LeechJ_2020__ERS3967692__bin_1_PROK.fna	0	0	0
MASTER_WP4_CSIC_2__P2597__bin_19_PROK.fna	0	0	0
DeFilippisF_xxxx__DF_75__bin_14_PROK.fna	0	0	0
MASTER_WP4_TEAGASC_1__TGS10-28__bin_2_PROK.fna	0	0	0
MASTER_WP4_CSIC_1__P2134_73322__bin_18_PROK.fna	0	0	0
MASTER_WP4_UNINA_1__PM007_71775__bin_2_PROK.fna	0	0	0
MASTER_WP4_FFoQSI_1__VB12-F-BR__bin_32_PROK.fna	0	0	0
MASTER_WP4_FFoQSI_1__VB-09-AG__bin_57_PROK.fna	0	0	0
MASTER_WP4_UNINA_2__J-18__bin_7_PROK.fna	0	0	0
MortensenS_xxxx__WK069-1-L-08h-05C8_S78__bin_4_PROK.fna	0	0	0
CrovadoreJ_2017__SRS1919172__bin_12_PROK.fna	0	0	0
DeFilippisF_xxxx__DF_115__bin_29_PROK.fna	0	0	0
MASTER_WP4_FFoQSI_1__VB-05-BD__bin_46_PROK.fna	0	0	0
MortensenS_xxxx__WK059-2-L-08h-04H2_S36__bin_4_PROK.fna	0	0	0
MASTER_WP4_CSIC_2__P2630__bin_28_PROK.fna	0	0	0
LeechJ_xxxx__AF15__bin_7_PROK.fna	0	0	0
LandisEA_2021__SRS5653155__bin_4_PROK.fna	0	0	0
WalshL_xxxx__H3_S87__bin_34_PROK.fna	0	0	0
MASTER_WP4_CSIC_2__P2618__bin_5_PROK.fna	0	0	0
LandisEA_2021__SRS5652995__bin_1_PROK.fna	0	0	0
AlvarezOrdonezA_xxxx__Q05-22__bin_10_PROK.fna	0	0	0
PasolliE_2020__SRS6525471__bin_1_PROK.fna	0	0	0
MASTER_WP4_FFoQSI_2__VB06-21__bin_6_PROK.fna	0	0	0
ZhaoCC_2020__SRS5803192__bin_16_PROK.fna	0	0	0
MASTER_WP4_UNINA_2__D-22__bin_15_PROK.fna	0	0	0
MASTER_WP4_TEAGASC_1__TGS15-30__bin_30_PROK.fna	0	0	0
MASTER_WP4_UNINA_2__T-22__bin_25_PROK.fna	0	0	0
MASTER_WP4_CSIC_1__P2149_73322__bin_12_PROK.fna	0	0	0
WalshAM_2020__ERS3466749__bin_4_PROK.fna	0	0	0
MASTER_WP4_FFoQSI_1__VB-16-M15__bin_1_PROK.fna	0	0	0
MASTER_WP4_TEAGASC_1__TGS07-25__bin_5_PROK.fna	0	0	0
MortensenS_xxxx__WK004-1-L-08h-01G4_S37__bin_2_PROK.fna	0	0	0
MilaniC_2019__SRS3591582__bin_17_EUK.fna	0	0	0
MASTER_WP4_UNINA_1__PR005_71775__bin_12_PROK.fna	0	0	0
MASTER_WP4_CSIC_2__P2574__bin_33_EUK.fna	0	0	0
ZhaoCC_2020__SRS5803194__bin_17_PROK.fna	0	0	0
LandisEA_2021__SRS5653168__bin_1_PROK.fna	0	0	0
AlvarezOrdonezA_xxxx__Q07-29__bin_11_PROK.fna	0	0	0
LeechJ_2020__ERS3967715__bin_12_PROK.fna	0	0	0
MASTER_WP4_CSIC_1__P2147_73322__bin_24_PROK.fna	0	0	0
MASTER_WP4_UNINA_1__AS107_71775__bin_17_PROK.fna	0	0	0
ChaconVargasK_2020__SRS6087091__bin_16_PROK.fna	0	0	0
MortensenS_xxxx__WK038-2-L-48h-03E5_S60__bin_8_PROK.fna	0	0	0
Escobar-ZepedaA_2016__SRR2081070__bin_13_fa_PROK_MiFo_tagged.fna	0	0	0
MASTER_WP4_CSIC_2__P2600__bin_15_PROK.fna	0	0	0
PothakosV_2020__ERS2068302__bin_28_PROK.fna	0	0	0
LeechJ_xxxx__AF74__bin_4_PROK.fna	0	0	0
MASTER_WP4_UNINA_1__FI010_71775__bin_17_PROK.fna	0	0	0
MASTER_WP4_CSIC_2__P2588__bin_22_EUK.fna	0	0	0
MASTER_WP4_UNINA_1__PR005_71775__bin_15_PROK.fna	0	0	0
WalshAM_2020__ERS3466737__bin_1_PROK.fna	0	0	0
WalshAM_2020__ERS3466790__bin_3_PROK.fna	0	0	0
MASTER_WP4_FFoQSI_1__VB-09-M7__bin_64_PROK.fna	0	0	0
WalshL_xxxx__H3_S87__bin_19_PROK.fna	0	0	0
AlvarezOrdonezA_xxxx__Q01-22__bin_9_PROK.fna	0	0	0
SalvettiE_2016__SRS1050146__bin_9_PROK.fna	0	0	0
ArikanM_2020__ERS1939655__bin_9_PROK.fna	0	0	0
MASTER_WP4_UNINA_2__B-22__bin_3_EUK.fna	0	0	0
WolfeBE_2014__626_Red_Hawk__bin_1_PROK.fna	0	0	0
LeechJ_xxxx__AF23__bin_7_PROK.fna	0	0	0
AlvarezOrdonezA_xxxx__C05-18__bin_5_PROK.fna	0	0	0
MASTER_WP4_FFoQSI_1__VB12-F-BR__bin_37_PROK.fna	0	0	0
MASTER_WP4_FFoQSI_1__VB-15-M12__bin_17_PROK.fna	0	0	0
MASTER_WP4_TEAGASC_1__TGS13-22__bin_32_PROK.fna	0	0	0
SalvettiE_2016__SRS1050145__bin_5_PROK.fna	0	0	0
MASTER_WP4_TEAGASC_1__TGS15-30__bin_15_PROK.fna	0	0	0
MASTER_WP4_UNINA_2__E-20__bin_6_PROK.fna	0	0	0
BertuzziAS_2018__ERS2032120__bin_4_PROK.fna	0	0	0
ZhaoCC_2020__SRS5803193__bin_4_PROK.fna	0	0	0
LeechJ_2020__ERS3967741__bin_9_PROK.fna	0	0	0
MASTER_WP4_FFoQSI_3__VB09-20__bin_6_PROK.fna	0	0	0
LeechJ_xxxx__AF41__bin_4_PROK.fna	0	0	0
MASTER_WP4_CSIC_2__P2618__bin_30_PROK.fna	0	0	0
MASTER_WP4_FFoQSI_1__VB-05-BD__bin_19_PROK.fna	0	0	0
LeechJ_2020__ERS3967688__bin_4_PROK.fna	0	0	0
LiZ_2018__SRS2920551__bin_1_PROK.fna	0	0	0
DeFilippisF_xxxx__DS_111__bin_14_PROK.fna	0	0	0
DeFilippisF_xxxx__DF_7__bin_7_PROK.fna	0	0	0
MASTER_WP4_UNINA_1__PM003_71775__bin_3_PROK.fna	0	0	0
ChaconVargasK_2020__SRS6087090__bin_7_PROK.fna	0	0	0
MASTER_WP4_CSIC_2__P2578__bin_28_PROK.fna	0	0	0
AlvarezOrdonezA_xxxx__Q03-29__bin_2_EUK.fna	0	0	0
LeechJ_xxxx__AF82__bin_13_PROK.fna	0	0	0
MASTER_WP4_CSIC_1__P2233_73323__bin_10_PROK.fna	0	0	0
PothakosV_2020__ERS2068299__bin_29_PROK.fna	0	0	0
WalshAM_2017__ERS1739831__bin_4_PROK.fna	0	0	0
WalshAM_2020__ERS3466743__bin_7_PROK.fna	0	0	0
WolfeBE_2014__679_Raclette__bin_1_PROK.fna	0	0	0
DeFilippisF_xxxx__DF_75__bin_16_PROK.fna	0	0	0
DeFilippisF_xxxx__DS_70__bin_1_PROK.fna	0	0	0
AlvarezOrdonezA_xxxx__C05-17__bin_20_PROK.fna	0	0	0
MASTER_WP4_CSIC_1__P2136_73322__bin_3_PROK.fna	0	0	0
ArikanM_2020__ERS1939656__bin_4_EUK.fna	0	0	0
SalvettiE_2016__SRS1050145__bin_18_PROK.fna	0	0	0
LeechJ_xxxx__AF55__bin_6_PROK.fna	0	0	0
MortensenS_xxxx__WK064-1-L-48h-05A3_S55__bin_6_PROK.fna	0	0	0
WalshL_xxxx__Q3__bin_4_PROK.fna	0	0	0
ZhaoCC_2020__SRS5803194__bin_38_PROK.fna	0	0	0
DeFilippisF_xxxx__DF_104__bin_11_PROK.fna	0	0	0
ZhaoCC_2020__SRS5803194__bin_14_PROK.fna	0	0	0
MASTER_WP4_TEAGASC_1__TGS15-30__bin_24_PROK.fna	0	0	0
AlvarezOrdonezA_xxxx__Q07-22__bin_18_PROK.fna	0	0	0
EscobarZepedaA_2016__SRS974112__bin_20_PROK.fna	0	0	0
MASTER_WP4_CSIC_2__P2614__bin_52_EUK.fna	0	0	0
MortensenS_xxxx__WK029-1-L-08h-03A2_S21__bin_5_PROK.fna	0	0	0
LeechJ_2020__ERS3967713__bin_12_PROK.fna	0	0	0
LeechJ_xxxx__AF43__bin_3_PROK.fna	0	0	0
MASTER_WP4_UNINA_2__A-22__bin_12_EUK.fna	0	0	0
MASTER_WP4_CSIC_2__P2524__bin_3_EUK.fna	0	0	0
WalshAM_2020__ERS3466737__bin_3_PROK.fna	0	0	0
MASTER_WP4_UNINA_1__AS006_71775__bin_7_EUK.fna	0	0	0
DeFilippisF_xxxx__DF_118__bin_13_PROK.fna	0	0	0
AlvarezOrdonezA_xxxx__C05-18__bin_20_PROK.fna	0	0	0
MASTER_WP4_UNINA_2__J-19__bin_21_PROK.fna	0	0	0
MASTER_WP4_FFoQSI_1__VB-08-M4__bin_24_PROK.fna	0	0	0
MASTER_WP4_UNINA_1__FO013_71775__bin_2_PROK.fna	0	0	0
AlvarezOrdonezA_xxxx__Q06-22__bin_1_PROK.fna	0	0	0
MortensenS_xxxx__WK042-1-L-48h-03G1_S74__bin_3_PROK.fna	0	0	0
MASTER_WP4_CSIC_1__P2239_73323__bin_20_PROK.fna	0	0	0
MASTER_WP4_FFoQSI_1__DC18-F-AR__bin_16_PROK.fna	0	0	0
LeechJ_2020__ERS3967711__bin_6_PROK.fna	0	0	0
MASTER_WP4_TEAGASC_1__TGS14-28__bin_4_PROK.fna	0	0	0
MASTER_WP4_UNINA_1__GO004_71775__bin_8_PROK.fna	0	0	0
CM_INJERA__injera_E1__bin_16_PROK.fna	0	0	0
AlvarezOrdonezA_xxxx__Q07-29__bin_12_PROK.fna	0	0	0
MASTER_WP4_TEAGASC_1__TGS13-22__bin_24_PROK.fna	0	0	0
MASTER_WP4_UNINA_1__SF013_71775__bin_21_EUK.fna	0	0	0
SalvettiE_2016__SRS1050146__bin_17_PROK.fna	0	0	0
MASTER_WP4_CSIC_1__P2138_73322__bin_7_PROK.fna	0	0	0
XieM_2019__SAMC044639__bin_9_PROK.fna	0	0	0
LeechJ_xxxx__AF57__bin_5_PROK.fna	0	0	0
MASTER_WP4_CSIC_2__P2517__bin_14_PROK.fna	0	0	0
AlvarezOrdonezA_xxxx__Q07-22__bin_7_PROK.fna	0	0	0
MASTER_WP4_UNINA_1__SP009_71775__bin_32_EUK.fna	0	0	0
MASTER_WP4_FFoQSI_2__VB01-30__bin_8_PROK.fna	0	0	0
AlvarezOrdonezA_xxxx__Q06-22__bin_2_PROK.fna	0	0	0
MASTER_WP4_CSIC_1__P2136_73322__bin_26_PROK.fna	0	0	0
YulandiA_2020__SRS6115052__bin_2_PROK.fna	0	0	0
LiZ_2018__SRS2920551__bin_18_PROK.fna	0	0	0
MortensenS_xxxx__WK008-2-G-48h-01D2_S8__bin_1_PROK.fna	0	0	0
MASTER_WP4_TEAGASC_1__TGS06-22__bin_7_PROK.fna	0	0	0
MASTER_WP4_CSIC_2__P2588__bin_7_PROK.fna	0	0	0
MASTER_WP4_UNINA_1__FI010_71775__bin_6_PROK.fna	0	0	0
LeechJ_2020__ERS3967715__bin_8_PROK.fna	0	0	0
AlvarezOrdonezA_xxxx__C02-19__bin_10_EUK.fna	0	0	0
LiZ_2018__SRS2920550__bin_20_EUK.fna	0	0	0
LordanR_2019__ERS2955443__bin_2_PROK.fna	0	0	0
MASTER_WP4_FFoQSI_1__VB-15-M11__bin_27_PROK.fna	0	0	0
WalshL_xxxx__H3_S87__bin_16_PROK.fna	0	0	0
MASTER_WP4_TEAGASC_1__TGS07-22__bin_3_EUK.fna	0	0	0
XieM_2019__SAMC044639__bin_27_PROK.fna	0	0	0
MASTER_WP4_CSIC_1__P2135_73322__bin_7_PROK.fna	0	0	0
LandisEA_2021__SRS5652995__bin_10_PROK.fna	0	0	0
MASTER_WP4_UNINA_2__N-22__bin_20_EUK.fna	0	0	0
MortensenS_xxxx__WK006-2-L-48h-01H6_S48__bin_11_PROK.fna	0	0	0
MASTER_WP4_TEAGASC_1__TGS09-22__bin_4_EUK.fna	0	0	0
MASTER_WP4_TEAGASC_1__TGS07-21__bin_8_PROK.fna	0	0	0
MASTER_WP4_CSIC_1__P2155_73322__bin_6_PROK.fna	0	0	0
WalshL_xxxx__I1__bin_1_PROK.fna	0	0	0
LeechJ_2020__ERS3967734__bin_7_PROK.fna	0	0	0
LeechJ_2020__ERS3967738__bin_4_PROK.fna	0	0	0
MASTER_WP4_CSIC_1__P2247_73323__bin_28_PROK.fna	0	0	0
MASTER_WP4_TEAGASC_1__TGS15-30__bin_7_EUK.fna	0	0	0
MortensenS_xxxx__WK058-1-L-48h-04G6_S31__bin_6_PROK.fna	0	0	0
MASTER_WP4_TEAGASC_1__TGS13-30__bin_2_PROK.fna	0	0	0
AlvarezOrdonezA_xxxx__C02-19__bin_11_EUK.fna	0	0	0
MASTER_WP4_CSIC_1__P2191_73322__bin_5_PROK.fna	0	0	0
YulandiA_2020__SRS6115053__bin_23_PROK.fna	0	0	0
LeechJ_xxxx__AF16__bin_7_PROK.fna	0	0	0
AlvarezOrdonezA_xxxx__C02-18__bin_2_EUK.fna	0	0	0
MortensenS_xxxx__WK015-1-L-08h-02C3_S81__bin_5_PROK.fna	0	0	0
LeonardSR_2016__SRS1659775__bin_2_PROK.fna	0	0	0
MASTER_WP4_UNINA_2__T-22__bin_12_PROK.fna	0	0	0
MASTER_WP4_CSIC_1__P2235_73323__bin_16_EUK.fna	0	0	0
KumarJ_2019__SRS4562502__bin_1_PROK.fna	0	0	0
DeFilippisF_xxxx__DS_21__bin_9_PROK.fna	0	0	0
MASTER_WP4_FFoQSI_2__VB11-26__bin_7_PROK.fna	0	0	0
WalshAM_2020__ERS3466776__bin_13_PROK.fna	0	0	0
MASTER_WP4_TEAGASC_1__TGS13-29__bin_11_PROK.fna	0	0	0
LeechJ_2020__ERS3967701__bin_5_PROK.fna	0	0	0
MASTER_WP4_FFoQSI_1__RC17-02__bin_9_PROK.fna	0	0	0
LeechJ_xxxx__AF31__bin_3_PROK.fna	0	0	0
LeechJ_2020__ERS3967741__bin_14_PROK.fna	0	0	0
ZhaoCC_2020__SRS5803195__bin_23_PROK.fna	0	0	0
MASTER_WP4_FFoQSI_1__RC17-F-BR__bin_3_PROK.fna	0	0	0
MASTER_WP4_FFoQSI_1__VB-15-BD__bin_16_EUK.fna	0	0	0
LeechJ_2020__ERS3967694__bin_5_EUK.fna	0	0	0
MASTER_WP4_CSIC_2__P2584__bin_5_PROK.fna	0	0	0
MortensenS_xxxx__WK049-1-L-08h-05A6_S58__bin_2_PROK.fna	0	0	0
LeechJ_2020__ERS3967699__bin_2_PROK.fna	0	0	0
AlvarezOrdonezA_xxxx__F02-19__bin_16_PROK.fna	0	0	0
MASTER_WP4_FFoQSI_2__VB06-29__bin_15_PROK.fna	0	0	0
LeechJ_2020__ERS3967723__bin_8_PROK.fna	0	0	0
PfeferT_xxxx__SRS2870593__bin_6_PROK.fna	0	0	0
LeechJ_2020__ERS3967699__bin_8_PROK.fna	0	0	0
ZhaoCC_2020__SRS5803193__bin_13_PROK.fna	0	0	0
MASTER_WP4_FFoQSI_1__VB-09-AG__bin_31_PROK.fna	0	0	0
DeFilippisF_xxxx__DS_91__bin_4_PROK.fna	0	0	0
MASTER_WP4_UNINA_1__GO102_71775__bin_42_PROK.fna	0	0	0
WolfeBE_2014__671_Grayson__bin_10_PROK.fna	0	0	0
LiZ_2019__SRS3379157__bin_3_PROK.fna	0	0	0
MASTER_WP4_TEAGASC_1__TGS08-29__bin_46_EUK.fna	0	0	0
MASTER_WP4_FFoQSI_1__RC17-F-BR__bin_1_PROK.fna	0	0	0
MASTER_WP4_FFoQSI_1__RC17-F-AR__bin_48_PROK.fna	0	0	0
MASTER_WP4_UNINA_2__T-22__bin_30_PROK.fna	0	0	0
MortensenS_xxxx__WK035-2-G-48h-04B2_S111__bin_2_PROK.fna	0	0	0
DeFilippisF_xxxx__DF_59__bin_18_PROK.fna	0	0	0
AlvarezOrdonezA_xxxx__C07-16__bin_7_PROK.fna	0	0	0
MASTER_WP4_FFoQSI_1__VB-08-BD__bin_8_PROK.fna	0	0	0
MortensenS_xxxx__WK044-1-L-48h-03G9_S82__bin_3_PROK.fna	0	0	0
WalshL_xxxx__V4__bin_4_PROK.fna	0	0	0
MASTER_WP4_UNINA_2__C-22__bin_5_PROK.fna	0	0	0
MASTER_WP4_FFoQSI_2__VB10-22__bin_20_PROK.fna	0	0	0
XieM_2019__SAMC044639__bin_20_PROK.fna	0	0	0
EscobarZepedaA_2016__SRS974112__bin_23_PROK.fna	0	0	0
MASTER_WP4_CSIC_2__P2560__bin_1_EUK.fna	0	0	0
LandisEA_2021__SRS5653255__bin_5_PROK.fna	0	0	0
MASTER_WP4_TEAGASC_1__TGS14-22__bin_58_PROK.fna	0	0	0
MASTER_WP4_FFoQSI_2__VB16-30__bin_19_PROK.fna	0	0	0
MASTER_WP4_CSIC_1__P2137_73322__bin_60_PROK.fna	0	0	0
LeechJ_xxxx__AF59__bin_16_PROK.fna	0	0	0
MASTER_WP4_CSIC_2__P2619__bin_31_PROK.fna	0	0	0
MASTER_WP4_TEAGASC_1__TGS01-22__bin_14_PROK.fna	0	0	0
LeechJ_xxxx__AF15__bin_6_PROK.fna	0	0	0
MASTER_WP4_FFoQSI_3__VB13-29__bin_36_PROK.fna	0	0	0
YulandiA_2020__SRS6115052__bin_1_PROK.fna	0	0	0
MASTER_WP4_UNINA_2__E-22__bin_3_PROK.fna	0	0	0
MASTER_WP4_UNINA_2__N-22__bin_19_EUK.fna	0	0	0
MASTER_WP4_UNINA_2__P-22__bin_8_PROK.fna	0	0	0
MASTER_WP4_UNINA_2__V-29__bin_29_PROK.fna	0	0	0
MASTER_WP4_CSIC_1__P2247_73323__bin_6_PROK.fna	0	0	0
ZhaoCC_2020__SRS5803195__bin_39_PROK.fna	0	0	0
MASTER_WP4_FFoQSI_1__VB-16-M15__bin_5_PROK.fna	0	0	0
LeechJ_2020__ERS3967699__bin_1_PROK.fna	0	0	0
KastmanEK_2016__CSB694__bin_6_PROK.fna	0	0	0
MortensenS_xxxx__WK063-2-L-08h-04I9_S52__bin_4_PROK.fna	0	0	0
MASTER_WP4_TEAGASC_1__TGS13-22__bin_7_PROK.fna	0	0	0
DeFilippisF_xxxx__DF_114__bin_24_PROK.fna	0	0	0
MASTER_WP4_FFoQSI_2__VB06-29__bin_29_PROK.fna	0	0	0
KastmanEK_2016__CSB694__bin_4_PROK.fna	0	0	0
LeechJ_xxxx__AF52__bin_1_PROK.fna	0	0	0
LeechJ_2020__ERS3967740__bin_7_PROK.fna	0	0	0
LeechJ_2020__ERS3967694__bin_3_EUK.fna	0	0	0
WolfeBE_2014__mgm4524497__bin_1_fa_PROK_MiFo_tagged.fna	0	0	0
DeFilippisF_xxxx__DS_13__bin_14_PROK.fna	0	0	0
MASTER_WP4_TEAGASC_1__TGS15-30__bin_27_PROK.fna	0	0	0
MASTER_WP4_CSIC_2__P2517__bin_25_PROK.fna	0	0	0
MortensenS_xxxx__WK066-2-G-48h-05I1_S125__bin_2_PROK.fna	0	0	0
DeFilippisF_xxxx__DS_68__bin_5_PROK.fna	0	0	0
MASTER_WP4_UNINA_2__M-20__bin_15_PROK.fna	0	0	0
LiZ_2018__SRS2920550__bin_32_PROK.fna	0	0	0
LeechJ_2020__ERS3967697__bin_1_PROK.fna	0	0	0
MortensenS_xxxx__WK045-1-L-08h-03H3_S85__bin_6_PROK.fna	0	0	0
YulandiA_2020__SRS6115052__bin_11_PROK.fna	0	0	0
SternesPR_2017__T1D1_A_shotgun__bin_1_EUK.fna	0	0	0
MASTER_WP4_UNINA_2__J-16__bin_33_PROK.fna	0	0	0
AlvarezOrdonezA_xxxx__C05-18__bin_6_PROK.fna	0	0	0
ZhaoCC_2020__SRS5803194__bin_5_PROK.fna	0	0	0
MASTER_WP4_TEAGASC_1__TGS07-22__bin_2_EUK.fna	0	0	0
LeechJ_xxxx__AF11__bin_10_PROK.fna	0	0	0
MASTER_WP4_CSIC_2__P2584__bin_4_PROK.fna	0	0	0
MASTER_WP4_UNINA_2__M-29__bin_8_PROK.fna	0	0	0
DeFilippisF_xxxx__DF_42__bin_14_PROK.fna	0	0	0
MASTER_WP4_FFoQSI_1__VB-15-BD__bin_19_PROK.fna	0	0	0
CrovadoreJ_2017__SRS1919172__bin_5_EUK.fna	0	0	0
MASTER_WP4_UNINA_2__J-17__bin_30_PROK.fna	0	0	0
BertuzziAS_2018__ERS2032125__bin_2_PROK.fna	0	0	0
LeechJ_xxxx__AF84__bin_19_PROK.fna	0	0	0
MASTER_WP4_CSIC_1__P2233_73323__bin_4_PROK.fna	0	0	0
DeRoosJ_2020__B3M__bin_2_PROK.fna	0	0	0
MASTER_WP4_CSIC_2__P2588__bin_23_PROK.fna	0	0	0
MASTER_WP4_UNINA_2__J-18__bin_12_PROK.fna	0	0	0
MASTER_WP4_CSIC_1__P2233_73323__bin_18_EUK.fna	0	0	0
MASTER_WP4_FFoQSI_1__VB-15-BD__bin_8_PROK.fna	0	0	0
MASTER_WP4_UNINA_2__M-20__bin_21_PROK.fna	0	0	0
YulandiA_2020__SRS6115052__bin_8_PROK.fna	0	0	0
ArikanM_2020__ERS1939655__bin_6_PROK.fna	0	0	0
YaoG_2017__NM21-1__bin_6_EUK.fna	0	0	0
MASTER_WP4_CSIC_2__P2599__bin_7_PROK.fna	0	0	0
MASTER_WP4_UNINA_1__SR008_71775__bin_23_PROK.fna	0	0	0
LeechJ_xxxx__AF23__bin_9_PROK.fna	0	0	0
LeechJ_2020__ERS3967702__bin_2_PROK.fna	0	0	0
DeFilippisF_xxxx__DF_16__bin_4_PROK.fna	0	0	0
MASTER_WP4_UNINA_2__T-22__bin_4_PROK.fna	0	0	0
MASTER_WP4_CSIC_2__P2620__bin_18_PROK.fna	0	0	0
MASTER_WP4_TEAGASC_1__TGS04-28__bin_21_PROK.fna	0	0	0
MASTER_WP4_UNINA_2__J-18__bin_25_PROK.fna	0	0	0
LandisEA_2021__SRS5652995__bin_3_PROK.fna	0	0	0
ChaconVargasK_2020__SRS6087089__bin_27_PROK.fna	0	0	0
MASTER_WP4_UNINA_1__GR012_71775__bin_10_PROK.fna	0	0	0
MASTER_WP4_UNINA_1__SC012_71775__bin_18_PROK.fna	0	0	0
AlvarezOrdonezA_xxxx__Q04-30__bin_3_PROK.fna	0	0	0
LeonardSR_2016__SRS1659779__bin_6_PROK.fna	0	0	0
LeechJ_2020__ERS3967711__bin_15_PROK.fna	0	0	0
MASTER_WP4_UNINA_2__Q-16__bin_2_PROK.fna	0	0	0
MortensenS_xxxx__WK027-2-L-48h-02I6_S16__bin_2_PROK.fna	0	0	0
MASTER_WP4_CSIC_1__P2137_73322__bin_45_PROK.fna	0	0	0
MASTER_WP4_UNINA_2__Q-19__bin_17_PROK.fna	0	0	0
WalshL_xxxx__H3_S87__bin_33_PROK.fna	0	0	0
MASTER_WP4_FFoQSI_2__VB16-22__bin_7_PROK.fna	0	0	0
LeechJ_2020__ERS3967723__bin_17_PROK.fna	0	0	0
DeFilippisF_xxxx__DF_4__bin_3_PROK.fna	0	0	0
MASTER_WP4_UNINA_2__J-19__bin_9_PROK.fna	0	0	0
LeechJ_xxxx__AF39__bin_7_PROK.fna	0	0	0
DeFilippisF_xxxx__DS_112__bin_17_PROK.fna	0	0	0
AlvarezOrdonezA_xxxx__Q07-29__bin_15_PROK.fna	0	0	0
LeechJ_xxxx__AF73__bin_2_PROK.fna	0	0	0
MASTER_WP4_FFoQSI_1__VB-08-AG__bin_9_PROK.fna	0	0	0
WalshAM_2020__ERS3466774__bin_2_PROK.fna	0	0	0
DuR_2020__DRS139334__bin_20_PROK.fna	0	0	0
MASTER_WP4_FFoQSI_1__RC17-032__bin_10_PROK.fna	0	0	0
MASTER_WP4_FFoQSI_1__VB12-F-BR__bin_48_PROK.fna	0	0	0
AlvarezOrdonezA_xxxx__Q05-22__bin_4_PROK.fna	0	0	0
MortensenS_xxxx__WK037-1-L-48h-03D8_S54__bin_3_PROK.fna	0	0	0
AlvarezOrdonezA_xxxx__Q02-24__bin_13_PROK.fna	0	0	0
MortensenS_xxxx__WK012-2-L-48h-02B3_S72__bin_1_PROK.fna	0	0	0
LeechJ_xxxx__AF66__bin_13_PROK.fna	0	0	0
MASTER_WP4_UNINA_2__Q-16__bin_8_PROK.fna	0	0	0
LeechJ_2020__ERS3967701__bin_1_PROK.fna	0	0	0
LeechJ_xxxx__AF19__bin_3_PROK.fna	0	0	0
MASTER_WP4_UNINA_1__GO004_71775__bin_3_PROK.fna	0	0	0
MASTER_WP4_UNINA_2__V-30__bin_15_EUK.fna	0	0	0
MASTER_WP4_CSIC_1__P2217_73323__bin_9_EUK.fna	0	0	0
KastmanEK_2016__CSB694__bin_9_PROK.fna	0	0	0
MASTER_WP4_CSIC_1__P2137_73322__bin_43_PROK.fna	0	0	0
MASTER_WP4_CSIC_2__P2543__bin_10_PROK.fna	0	0	0
LeechJ_xxxx__AF59__bin_1_PROK.fna	0	0	0
MASTER_WP4_UNINA_2__P-22__bin_13_PROK.fna	0	0	0
LeechJ_xxxx__AF25__bin_5_PROK.fna	0	0	0
DeFilippisF_xxxx__DS_53__bin_1_PROK.fna	0	0	0
LeechJ_xxxx__AF49__bin_4_PROK.fna	0	0	0
MASTER_WP4_FFoQSI_1__VB-14D__bin_5_PROK.fna	0	0	0
MortensenS_xxxx__WK039-2-L-48h-03E9_S64__bin_11_PROK.fna	0	0	0
LeechJ_xxxx__AF43__bin_5_PROK.fna	0	0	0
MASTER_WP4_CSIC_1__P2177_73322__bin_4_PROK.fna	0	0	0
XieM_2019__SAMC044639__bin_26_PROK.fna	0	0	0
CM_INJERA__injera_E1__bin_22_EUK.fna	0	0	0
DuR_2020__DRS139335__bin_6_EUK.fna	0	0	0
LandisEA_2021__SRS5653374__bin_1_PROK.fna	0	0	0
LeechJ_2020__ERS3967728__bin_8_PROK.fna	0	0	0
MASTER_WP4_TEAGASC_1__TGS11-22__bin_4_PROK.fna	0	0	0
WalshL_xxxx__B11__bin_3_PROK.fna	0	0	0
MASTER_WP4_UNINA_2__J-18__bin_22_PROK.fna	0	0	0
ArikanM_2020__ERS1939655__bin_3_PROK.fna	0	0	0
MASTER_WP4_UNINA_1__FO007_71775__bin_2_PROK.fna	0	0	0
MASTER_WP4_CSIC_1__P2149_73322__bin_22_PROK.fna	0	0	0
MASTER_WP4_FFoQSI_1__KM-5G__bin_5_PROK.fna	0	0	0
MASTER_WP4_FFoQSI_1__RC17-F-BR__bin_37_PROK.fna	0	0	0
LeechJ_xxxx__AF10__bin_16_PROK.fna	0	0	0
MASTER_WP4_UNINA_2__J-19__bin_2_PROK.fna	0	0	0
MASTER_WP4_FFoQSI_1__VB-16-M16__bin_2_PROK.fna	0	0	0
LeechJ_xxxx__AF89__bin_7_PROK.fna	0	0	0
MASTER_WP4_UNINA_1__TA012_71775__bin_5_PROK.fna	0	0	0
AlvarezOrdonezA_xxxx__R04-17__bin_11_PROK.fna	0	0	0
MASTER_WP4_UNINA_2__J-16__bin_43_PROK.fna	0	0	0
LeechJ_xxxx__AF45__bin_7_PROK.fna	0	0	0
MortensenS_xxxx__WK018T-1-G-00h-05I7_S131__bin_4_PROK.fna	0	0	0
LeechJ_xxxx__AF72__bin_3_PROK.fna	0	0	0
MortensenS_xxxx__WK069-1-L-48h-05C9_S79__bin_1_PROK.fna	0	0	0
DeFilippisF_xxxx__DS_78__bin_5_PROK.fna	0	0	0
MASTER_WP4_FFoQSI_1__VB-09-M7__bin_19_PROK.fna	0	0	0
MortensenS_xxxx__WK022-1-L-48h-02F8_S113__bin_6_PROK.fna	0	0	0
MASTER_WP4_TEAGASC_1__TGS01-22__bin_37_PROK.fna	0	0	0
MASTER_WP4_TEAGASC_1__TGS11-22__bin_5_PROK.fna	0	0	0
LeechJ_xxxx__AF76__bin_15_PROK.fna	0	0	0
MASTER_WP4_UNINA_2__A-20__bin_21_PROK.fna	0	0	0
DeFilippisF_xxxx__DS_111__bin_1_PROK.fna	0	0	0
MASTER_WP4_TEAGASC_1__TGS11-22__bin_10_PROK.fna	0	0	0
LeechJ_xxxx__AF59__bin_8_PROK.fna	0	0	0
MASTER_WP4_UNINA_2__M-20__bin_11_PROK.fna	0	0	0
MASTER_WP4_TEAGASC_1__TGS03-22__bin_2_EUK.fna	0	0	0
MASTER_WP4_FFoQSI_1__VB-08-AG__bin_53_PROK.fna	0	0	0
MASTER_WP4_CSIC_1__P2136_73322__bin_16_PROK.fna	0	0	0
DeFilippisF_xxxx__DF_76__bin_1_PROK.fna	0	0	0
MASTER_WP4_CSIC_1__P2240_73323__bin_2_EUK.fna	0	0	0
MASTER_WP4_CSIC_1__P2172_73322__bin_10_PROK.fna	0	0	0
MASTER_WP4_FFoQSI_3__VB07-22__bin_12_PROK.fna	0	0	0
MortensenS_xxxx__WK061-2-G-48h-05H4_S119__bin_2_PROK.fna	0	0	0
LeechJ_xxxx__AF81__bin_6_PROK.fna	0	0	0
MASTER_WP4_TEAGASC_1__TGS12-29__bin_14_PROK.fna	0	0	0
MASTER_WP4_FFoQSI_1__VB-09-AG__bin_19_PROK.fna	0	0	0
LeechJ_2020__ERS3967738__bin_2_PROK.fna	0	0	0
MASTER_WP4_TEAGASC_1__TGS15-30__bin_20_PROK.fna	0	0	0
MASTER_WP4_FFoQSI_1__VB-15-M10__bin_4_EUK.fna	0	0	0
LiZ_2018__SRS2920550__bin_21_PROK.fna	0	0	0
MASTER_WP4_TEAGASC_1__TGS05-22__bin_2_EUK.fna	0	0	0
XieM_2019__SAMC044639__bin_22_PROK.fna	0	0	0
MortensenS_xxxx__WK001T-1-G-00h-05I5_S129__bin_3_PROK.fna	0	0	0
LeechJ_xxxx__AF84__bin_18_PROK.fna	0	0	0
AlvarezOrdonezA_xxxx__Q02-27__bin_12_PROK.fna	0	0	0
LandisEA_2021__SRS5653217__bin_2_PROK.fna	0	0	0
MASTER_WP4_CSIC_2__P2624__bin_3_PROK.fna	0	0	0
MASTER_WP4_CSIC_1__P2250_73323__bin_3_PROK.fna	0	0	0
LeechJ_2020__ERS3967712__bin_13_PROK.fna	0	0	0
MortensenS_xxxx__WK069-2-L-48h-05D2_S81__bin_1_EUK.fna	0	0	0
MASTER_WP4_UNINA_1__TA011_71775__bin_10_PROK.fna	0	0	0
MASTER_WP4_CSIC_1__P2134_73322__bin_7_PROK.fna	0	0	0
MASTER_WP4_UNINA_1__FI010_71775__bin_12_PROK.fna	0	0	0
SternesPR_2017__T1D1_A_shotgun__bin_3_EUK.fna	0	0	0
LeechJ_xxxx__AF45__bin_5_PROK.fna	0	0	0
MASTER_WP4_UNINA_1__PA207_73417__bin_7_PROK.fna	0	0	0
LandisEA_2021__SRS5653152__bin_2_PROK.fna	0	0	0
MASTER_WP4_TEAGASC_1__TGS09-26__bin_6_EUK.fna	0	0	0
LeechJ_xxxx__AF58__bin_4_PROK.fna	0	0	0
MASTER_WP4_UNINA_2__Q-17__bin_4_PROK.fna	0	0	0
AlvarezOrdonezA_xxxx__C07-19__bin_9_PROK.fna	0	0	0
SalvettiE_2016__SRS1050146__bin_11_PROK.fna	0	0	0
MASTER_WP4_TEAGASC_1__TGS15-30__bin_9_PROK.fna	0	0	0
ZhaoCC_2020__SRS5803193__bin_7_PROK.fna	0	0	0
MASTER_WP4_TEAGASC_1__TGS14-22__bin_8_PROK.fna	0	0	0
WolfeBE_2014__671_Grayson__bin_12_PROK.fna	0	0	0
LeechJ_2020__ERS3967715__bin_10_PROK.fna	0	0	0
HeilCS_2018__Old_Warehouse_metagenome__bin_1_PROK.fna	0	0	0
LeechJ_xxxx__AF21__bin_6_PROK.fna	0	0	0
DeFilippisF_xxxx__DF_121__bin_5_PROK.fna	0	0	0
MASTER_WP4_UNINA_1__PM002_71775__bin_14_PROK.fna	0	0	0
DeFilippisF_xxxx__DF_59__bin_13_PROK.fna	0	0	0
MASTER_WP4_FFoQSI_1__KM-4G__bin_23_PROK.fna	0	0	0
MASTER_WP4_FFoQSI_1__VB-15-M10__bin_12_PROK.fna	0	0	0
LeechJ_2020__ERS3967701__bin_3_PROK.fna	0	0	0
LandisEA_2021__SRS5653250__bin_1_PROK.fna	0	0	0
MASTER_WP4_UNINA_2__O-30__bin_2_PROK.fna	0	0	0
XieM_2019__SAMC044639__bin_28_PROK.fna	0	0	0
MASTER_WP4_CSIC_1__P2134_73322__bin_2_PROK.fna	0	0	0
MASTER_WP4_CSIC_2__P2628__bin_3_PROK.fna	0	0	0
XieM_2019__SAMC044639__bin_31_PROK.fna	0	0	0
MASTER_WP4_UNINA_2__J-19__bin_26_PROK.fna	0	0	0
MortensenS_xxxx__WK041-2-L-48h-03F8_S72__bin_3_PROK.fna	0	0	0
MASTER_WP4_UNINA_2__U-22__bin_12_PROK.fna	0	0	0
LeechJ_xxxx__AF66__bin_10_PROK.fna	0	0	0
LeechJ_xxxx__AF10__bin_10_PROK.fna	0	0	0
MASTER_WP4_UNINA_2__G-18__bin_1_PROK.fna	0	0	0
MASTER_WP4_CSIC_1__P2137_73322__bin_39_PROK.fna	0	0	0
WalshAM_2017__ERS1739840__bin_5_PROK.fna	0	0	0
MASTER_WP4_FFoQSI_1__VB-08-BD__bin_39_PROK.fna	0	0	0
MASTER_WP4_TEAGASC_1__TGS15-30__bin_13_PROK.fna	0	0	0
SternesPR_2017__Y2D1_A_shotgun__bin_5_EUK.fna	0	0	0
AlvarezOrdonezA_xxxx__Q02-28__bin_15_PROK.fna	0	0	0
MASTER_WP4_FFoQSI_1__VB-16-BD__bin_56_PROK.fna	0	0	0
MASTER_WP4_UNINA_2__C-20__bin_3_PROK.fna	0	0	0
MASTER_WP4_CSIC_2__P2623__bin_59_PROK.fna	0	0	0
PasolliE_2020__SRS6525479__bin_12_PROK.fna	0	0	0
DeFilippisF_xxxx__DS_111__bin_20_PROK.fna	0	0	0
WalshL_xxxx__H3_S87__bin_25_PROK.fna	0	0	0
MASTER_WP4_UNINA_2__J-18__bin_20_EUK.fna	0	0	0
MASTER_WP4_FFoQSI_1__RC17-F-BR__bin_32_PROK.fna	0	0	0
MortensenS_xxxx__WK002-2-L-08h-01F7_S31__bin_2_PROK.fna	0	0	0
DeFilippisF_xxxx__DF_7__bin_20_PROK.fna	0	0	0
SalvettiE_2016__SRS1050145__bin_6_PROK.fna	0	0	0
MASTER_WP4_UNINA_2__A-20__bin_11_PROK.fna	0	0	0
MASTER_WP4_UNINA_2__F-22__bin_7_EUK.fna	0	0	0
MASTER_WP4_UNINA_1__GO004_71775__bin_17_PROK.fna	0	0	0
MASTER_WP4_CSIC_1__P2224_73323__bin_3_PROK.fna	0	0	0
AlvarezOrdonezA_xxxx__R01-19__bin_1_PROK.fna	0	0	0
MASTER_WP4_TEAGASC_1__TGS05-30_0__bin_3_PROK.fna	0	0	0
MASTER_WP4_TEAGASC_1__TGS01-22__bin_35_PROK.fna	0	0	0
MASTER_WP4_FFoQSI_1__DC18-032__bin_11_PROK.fna	0	0	0
LeechJ_xxxx__AF43__bin_10_PROK.fna	0	0	0
MASTER_WP4_CSIC_2__P2558__bin_17_PROK.fna	0	0	0
AlvarezOrdonezA_xxxx__Q07-22__bin_6_PROK.fna	0	0	0
MASTER_WP4_UNINA_1__GO004_71775__bin_32_PROK.fna	0	0	0
MortensenS_xxxx__WK028-2-L-48h-03A1_S20__bin_5_PROK.fna	0.11238035	0.6950546	0.425743
MASTER_WP4_UNINA_2__A-20__bin_30_PROK.fna	0	0	0
MASTER_WP4_UNINA_2__Q-17__bin_10_PROK.fna	0	0	0
MortensenS_xxxx__WK034-1-L-08h-03C4_S41__bin_7_PROK.fna	0	0	0
LeechJ_2020__ERS3967722__bin_9_PROK.fna	0	0	0
MortensenS_xxxx__WK027-2-G-48h-04A3_S103__bin_5_PROK.fna	0	0	0
LeechJ_xxxx__AF29__bin_14_EUK.fna	0	0	0
DeRoosJ_2020__B13M__bin_2_EUK.fna	0	0	0
MASTER_WP4_FFoQSI_3__VB15-29__bin_33_PROK.fna	0	0	0
LiZ_2018__SRS2920550__bin_14_EUK.fna	0	0	0
MASTER_WP4_CSIC_2__P2517__bin_38_PROK.fna	0	0	0
KastmanEK_2016__CSB600__bin_6_EUK.fna	0	0	0
